Order,ID,Specimen,Side,Molar,Voxel_Size,Slice_from_Base,Imgs_per_Slice,File_Name,Genus,Species,Centroid_Size,anterofossettid_length,anterofossettid_width,max_length_mesoflexid,max_length_hypolophid,ectolophid_width,talonid_width,mid_posterolophid_length,max_posterolophid_length,anterofossettid_angle,hypoflexid_angle,buccal_posterolophid,metaflexid_closed
0,0,FMNH-M-121529,Left,M3,0.041562,0,6,FMNH-M-121529-Left-M3-Selected-00,Coendou,rothschildi,14.76286734,0.034,0.01,0.007,0.037,0.037,0.141,0.046,0.06,33.22,45.525,Convex,Yes
1,1,FMNH-M-121529,Left,M3,0.041562,1,6,FMNH-M-121529-Left-M3-Selected-01,Coendou,rothschildi,14.87897971,0.079,0.025,0.013,0.031,0.03,0.135,0.033,0.057,31.433,50.176,Convex,No
2,2,FMNH-M-121529,Left,M3,0.041562,2,6,FMNH-M-121529-Left-M3-Selected-02,Coendou,rothschildi,14.69601882,0.09,0.035,0.021,0.023,0.021,0.127,0.027,0.048,33.617,54.568,Convex,No
3,3,FMNH-M-121529,Right,M3,0.041562,0,6,FMNH-M-121529-Right-M3-Selected-00,Coendou,rothschildi,14.94992692,0.024,0.008,0.006,0.036,0.038,0.139,0.043,0.059,30.903,44.882,Convex,Yes
4,4,FMNH-M-121529,Right,M3,0.041562,1,6,FMNH-M-121529-Right-M3-Selected-01,Coendou,rothschildi,14.8807624,0.082,0.021,0.014,0.027,0.031,0.131,0.032,0.052,38.781,49.294,Convex,No
5,5,FMNH-M-121529,Right,M3,0.041562,2,6,FMNH-M-121529-Right-M3-Selected-02,Coendou,rothschildi,14.64173491,0.092,0.034,0.021,0.021,0.023,0.123,0.024,0.047,34.647,55.751,Convex,No
6,6,FMNH-M-122244,Left,M3,0.042904,0,6,FMNH-M-122244-Left-M3-Selected-00,Coendou,rothschildi,14.61970439,0.022,0.009,0.006,0.045,0.031,0.143,0.05,0.06,33.249,22.327,Convex,Yes
7,7,FMNH-M-122244,Left,M3,0.042904,1,6,FMNH-M-122244-Left-M3-Selected-01,Coendou,rothschildi,14.81331239,0.07,0.025,0.01,0.035,0.025,0.14,0.042,0.054,32.31,26.766,Convex,Yes
8,8,FMNH-M-122244,Left,M3,0.042904,2,6,FMNH-M-122244-Left-M3-Selected-02,Coendou,rothschildi,14.74024401,0.09,0.036,0.019,0.023,0.014,0.13,0.03,0.048,31.692,27.098,Convex,Yes
9,9,FMNH-M-122244,Right,M3,0.042904,0,6,FMNH-M-122244-Right-M3-Selected-00,Coendou,rothschildi,14.66874392,0.02,0.006,0.005,0.045,0.035,0.146,0.044,0.056,31.295,32.072,Convex,Yes
10,10,FMNH-M-122244,Right,M3,0.042904,1,6,FMNH-M-122244-Right-M3-Selected-01,Coendou,rothschildi,14.83354331,0.065,0.021,0.013,0.034,0.028,0.143,0.035,0.052,30.461,35.274,Convex,Yes
11,11,FMNH-M-122244,Right,M3,0.042904,2,6,FMNH-M-122244-Right-M3-Selected-02,Coendou,rothschildi,14.72062831,0.086,0.029,0.023,0.024,0.02,0.135,0.027,0.045,32.325,40.583,Convex,No
12,12,FMNH-M-140260,Left,M3,0.038543,0,5,FMNH-M-140260-Left-M3-Selected-00,Coendou,pruinosus,12.74372091,0.025,0.009,0.007,0.025,0.024,0.132,0.049,0.056,36.514,32.437,Convex,Yes
13,13,FMNH-M-140260,Left,M3,0.038543,1,5,FMNH-M-140260-Left-M3-Selected-01,Coendou,pruinosus,13.05680747,0.056,0.019,0.011,0.019,0.022,0.129,0.037,0.054,37.268,33.406,Convex,Yes
14,14,FMNH-M-140260,Left,M3,0.038543,2,5,FMNH-M-140260-Left-M3-Selected-02,Coendou,pruinosus,13.15744725,0.075,0.028,0.018,0.017,0.017,0.125,0.028,0.052,39,33.215,Convex,Yes
15,15,FMNH-M-140260,Right,M3,0.038543,0,5,FMNH-M-140260-Right-M3-Selected-00,Coendou,pruinosus,12.56055686,0.022,0.007,0.007,0.024,0.029,0.128,0.045,0.055,37.708,29.928,Convex,Yes
16,16,FMNH-M-140260,Right,M3,0.038543,1,5,FMNH-M-140260-Right-M3-Selected-01,Coendou,pruinosus,12.83607231,0.053,0.02,0.007,0.024,0.031,0.129,0.045,0.053,37.485,27.916,Convex,Yes
17,17,FMNH-M-140260,Right,M3,0.038543,2,5,FMNH-M-140260-Right-M3-Selected-02,Coendou,pruinosus,12.97205698,0.08,0.03,0.019,0.017,0.015,0.124,0.026,0.044,39.698,36.504,Convex,Yes
18,18,FMNH-M-140261,Left,M3,0.038543,0,3,FMNH-M-140261-Left-M3-Selected-00,Coendou,pruinosus,12.78760423,0.424,0.157,0.191,0.72,0.854,3.129,1.29,1.712,32.228,33.867,Convex,Yes
19,19,FMNH-M-140261,Left,M3,0.038543,1,3,FMNH-M-140261-Left-M3-Selected-01,Coendou,pruinosus,12.87108861,1.073,0.279,0.246,0.675,0.721,3.157,1.161,1.718,35.84,38.223,Convex,Yes
20,20,FMNH-M-140261,Left,M3,0.038543,2,3,FMNH-M-140261-Left-M3-Selected-02,Coendou,pruinosus,12.68589288,1.542,0.444,0.354,0.528,0.626,3.095,1.107,1.539,34.1,35.308,Convex,Yes
21,21,FMNH-M-140261,Right,M3,0.038543,0,3,FMNH-M-140261-Right-M3-Selected-00,Coendou,pruinosus,12.64312452,0.555,0.208,0.16,0.745,0.904,3.101,1.4,1.642,31.113,38.651,Convex,Yes
22,22,FMNH-M-140261,Right,M3,0.038543,1,3,FMNH-M-140261-Right-M3-Selected-01,Coendou,pruinosus,12.68243866,1.032,0.305,0.281,0.609,0.663,3.075,1.169,1.628,35.696,36.302,Convex,Yes
23,23,FMNH-M-140261,Right,M3,0.038543,2,3,FMNH-M-140261-Right-M3-Selected-02,Coendou,pruinosus,12.64722025,1.406,0.473,0.39,0.435,1.136,1.636,0.513,3.108,37.193,43.469,Convex,Yes
24,24,FMNH-M-43289,Right,M3,0.037402,0,4,FMNH-M-43289-Right-M3-Selected-00,Coendou,spinosus,10.96688366,0.026,0.006,0.021,0.011,0.025,0.112,0.03,0.039,34.31,33.224,Straight,Yes
25,25,FMNH-M-43289,Right,M3,0.037402,1,4,FMNH-M-43289-Right-M3-Selected-01,Coendou,spinosus,11.06604735,0.054,0.013,0.021,0.019,0.02,0.112,0.023,0.038,31.67,34.23,Straight,Yes
26,26,FMNH-M-43289,Right,M3,0.037402,2,4,FMNH-M-43289-Right-M3-Selected-02,Coendou,spinosus,10.93041142,0.073,0.024,0.024,0.012,0.018,0.107,0.025,0.025,34.08,40.638,Concave,No
27,27,FMNH-M-43289,Right,M3,0.037402,3,4,FMNH-M-43289-Right-M3-Selected-03,Coendou,spinosus,10.57346731,0.077,0.027,0.029,0.011,0.013,0.102,0.02,0.022,39.444,42.792,Concave,No
28,28,FMNH-M-56855,Left,M3,0.030848,0,4,FMNH-M-56855-Left-M3-Selected-00,Coendou,nycthemera,10.93589478,0.008,0.004,0.005,0.02,0.028,0.116,0.039,0.042,33.497,49.581,Convex,Yes
29,29,FMNH-M-56855,Left,M3,0.030848,1,4,FMNH-M-56855-Left-M3-Selected-01,Coendou,nycthemera,11.10546898,0.039,0.01,0.004,0.021,0.028,0.115,0.037,0.041,33.754,50.931,Convex,Yes
30,30,FMNH-M-56855,Left,M3,0.030848,2,4,FMNH-M-56855-Left-M3-Selected-02,Coendou,nycthemera,11.37370151,0.053,0.017,0.006,0.018,0.025,0.116,0.031,0.038,37.495,55.231,Convex,Yes
31,31,FMNH-M-56855,Left,M3,0.030848,3,4,FMNH-M-56855-Left-M3-Selected-03,Coendou,nycthemera,11.368427,0.062,0.025,0.006,0.017,0.022,0.114,0.026,0.033,37.619,55.639,Convex,Yes
32,32,FMNH-M-56855,Left,M3,0.030848,4,4,FMNH-M-56855-Left-M3-Selected-04,Coendou,nycthemera,11.28380694,0.07,0.033,0.008,0.012,0.016,0.11,0.02,0.027,33.937,60.292,Convex,Yes
33,33,FMNH-M-56855,Left,M3,0.030848,5,4,FMNH-M-56855-Left-M3-Selected-05,Coendou,nycthemera,11.16401291,0.075,0.038,0.01,0.01,0.013,0.104,0.015,0.024,34.299,63.74,Convex,Yes
34,34,FMNH-M-56855,Left,M3,0.030848,6,4,FMNH-M-56855-Left-M3-Selected-06,Coendou,nycthemera,11.02052721,0.078,0.042,0.012,0.007,0.009,0.097,0.015,0.019,33.494,69.374,Convex,Yes
35,35,FMNH-M-56855,Left,M3,0.030848,7,4,FMNH-M-56855-Left-M3-Selected-07,Coendou,nycthemera,10.54373728,0.08,0.043,0.016,0.003,0.007,0.086,0.01,0.015,36.256,75.595,Convex,Yes
36,36,FMNH-M-56855,Right,M3,0.030848,0,4,FMNH-M-56855-Right-M3-Selected-00,Coendou,nycthemera,11.11739778,0.014,0.006,0.004,0.022,0.029,0.119,0.039,0.047,34.244,48.311,Convex,Yes
37,37,FMNH-M-56855,Right,M3,0.030848,1,4,FMNH-M-56855-Right-M3-Selected-01,Coendou,nycthemera,11.34251644,0.05,0.012,0.007,0.02,0.026,0.118,0.033,0.043,33.617,50.368,Convex,Yes
38,38,FMNH-M-56855,Right,M3,0.030848,2,4,FMNH-M-56855-Right-M3-Selected-02,Coendou,nycthemera,11.47482098,0.065,0.021,0.009,0.018,0.023,0.116,0.027,0.037,33.14,52.569,Convex,Yes
39,39,FMNH-M-56855,Right,M3,0.030848,3,4,FMNH-M-56855-Right-M3-Selected-03,Coendou,nycthemera,11.5015601,0.07,0.03,0.011,0.017,0.017,0.114,0.024,0.033,32.024,57.734,Convex,Yes
40,40,FMNH-M-56855,Right,M3,0.030848,4,4,FMNH-M-56855-Right-M3-Selected-04,Coendou,nycthemera,11.44940055,0.076,0.036,0.013,0.014,0.013,0.109,0.02,0.028,29.657,60.001,Convex,Yes
41,41,FMNH-M-56855,Right,M3,0.030848,5,4,FMNH-M-56855-Right-M3-Selected-05,Coendou,nycthemera,11.25672081,0.081,0.043,0.016,0.011,0.012,0.103,0.016,0.023,29.258,65.92,Convex,Yes
42,42,FMNH-M-56855,Right,M3,0.030848,6,4,FMNH-M-56855-Right-M3-Selected-06,Coendou,nycthemera,11.06300775,0.083,0.045,0.018,0.006,0.008,0.096,0.014,0.023,30.758,71.348,Convex,Yes
43,43,FMNH-M-60364,Left,M3,0.039793,0,6,FMNH-M-60364-Left-M3-Selected-00,Coendou,mexicanus,17.89258183,0.059,0.006,0.007,0.046,0.036,0.199,0.06,0.079,30.359,11.451,Straight,Yes
44,44,FMNH-M-60364,Left,M3,0.039793,1,6,FMNH-M-60364-Left-M3-Selected-01,Coendou,mexicanus,18.18719548,0.086,0.016,0.027,0.032,0.027,0.195,0.047,0.074,30.56,23.755,Straight,Yes
45,45,FMNH-M-60364,Left,M3,0.039793,2,6,FMNH-M-60364-Left-M3-Selected-02,Coendou,mexicanus,18.63819112,0.112,0.035,0.035,0.029,0.019,0.184,0.036,0.059,30.488,35.767,Straight,Yes
46,46,FMNH-M-60364,Left,M3,0.039793,3,6,FMNH-M-60364-Left-M3-Selected-03,Coendou,mexicanus,18.56083424,0.127,0.045,0.043,0.021,0.014,0.174,0.027,0.044,31.523,42.614,Straight,Yes
47,47,FMNH-M-60364,Left,M3,0.039793,4,6,FMNH-M-60364-Left-M3-Selected-04,Coendou,mexicanus,18.25023636,0.136,0.052,0.047,0.02,0.009,0.163,0.019,0.044,30.187,49.579,Straight,Yes
48,48,FMNH-M-60364,Left,M3,0.039793,5,6,FMNH-M-60364-Left-M3-Selected-05,Coendou,mexicanus,17.61539191,0.141,0.056,0.053,0.014,0.007,0.152,0.015,0.028,30.946,52.977,Convex,No
49,49,FMNH-M-60364,Right,M3,0.039793,0,6,FMNH-M-60364-Right-M3-Selected-00,Coendou,mexicanus,18.0383479,0.056,0.005,0.012,0.041,0.036,0.202,0.059,0.075,33.383,11.493,Straight,Yes
50,50,FMNH-M-60364,Right,M3,0.039793,1,6,FMNH-M-60364-Right-M3-Selected-01,Coendou,mexicanus,18.26581771,0.088,0.02,0.026,0.036,0.024,0.197,0.048,0.071,31.652,28.385,Straight,Yes
51,51,FMNH-M-60364,Right,M3,0.039793,2,6,FMNH-M-60364-Right-M3-Selected-02,Coendou,mexicanus,18.63878,0.108,0.036,0.036,0.029,0.017,0.189,0.035,0.061,30.651,38.308,Straight,Yes
52,52,FMNH-M-60364,Right,M3,0.039793,3,6,FMNH-M-60364-Right-M3-Selected-03,Coendou,mexicanus,18.5844066,0.126,0.046,0.038,0.022,0.013,0.181,0.026,0.053,30.829,48.806,Straight,Yes
53,53,FMNH-M-60364,Right,M3,0.039793,4,6,FMNH-M-60364-Right-M3-Selected-04,Coendou,mexicanus,18.26531774,0.133,0.053,0.045,0.021,0.008,0.167,0.017,0.034,30.213,51.769,Straight,Yes
54,54,FMNH-M-60364,Right,M3,0.039793,5,6,FMNH-M-60364-Right-M3-Selected-05,Coendou,mexicanus,17.34248752,0.138,0.056,0.048,0.013,0.007,0.159,0.014,0.032,29.138,56.983,Convex,No
55,55,UF-M-13306,Left,M3,0.043858,0,3,UF-M-13306-Left-M3-Selected-00,Coendou,prehensilis,14.73626297,18.721,3.367,3.626,17.427,19.273,86.426,27.086,30.141,31.899,46.307,Concave,Yes
56,56,UF-M-13306,Left,M3,0.043858,1,3,UF-M-13306-Left-M3-Selected-01,Coendou,prehensilis,15.41337229,46.028,15.219,8.691,13.618,14.153,87.029,23.654,25.426,33.307,50.745,Concave,Yes
57,57,UF-M-13306,Left,M3,0.043858,2,3,UF-M-13306-Left-M3-Selected-02,Coendou,prehensilis,15.78807558,60.024,24.898,11.336,12.935,12.949,83.751,16.071,23.048,31.39,53.438,Concave,Yes
58,58,UF-M-13306,Left,M3,0.043858,3,3,UF-M-13306-Left-M3-Selected-03,Coendou,prehensilis,16.13347852,66.294,30.007,13.658,11.073,9.641,80.184,12.438,19.74,31.763,57.097,Concave,Yes
59,59,UF-M-13306,Right,M3,0.043858,0,3,UF-M-13306-Right-M3-Selected-00,Coendou,prehensilis,14.11171897,21.742,4.191,3.951,19.034,16.35,83.273,27.998,30.934,36.198,38.61,Concave,Yes
60,60,UF-M-13306,Right,M3,0.043858,1,3,UF-M-13306-Right-M3-Selected-01,Coendou,prehensilis,14.85217015,42.691,19.498,7.773,16.763,13.229,81.721,24.871,25.512,35.024,43.908,Concave,Yes
61,61,UF-M-13306,Right,M3,0.043858,2,3,UF-M-13306-Right-M3-Selected-02,Coendou,prehensilis,15.35319899,56.148,24.13,11.331,12.529,12.711,78.966,16.079,21.706,33.119,47.189,Concave,Yes
62,62,UF-M-13306,Right,M3,0.043858,3,3,UF-M-13306-Right-M3-Selected-03,Coendou,prehensilis,15.68369096,64.759,28.171,12.081,10.944,8.823,77.959,10.117,18.138,34.097,54.489,Concave,Yes
63,63,UF-M-14899,Left,M3,0.043858,0,3,UF-M-14899-Left-M3-Selected-00,Coendou,prehensilis,15.87684163,14.477,4.181,7.409,16.865,23.435,87.312,31.508,38.013,30.096,47.227,Straight,Yes
64,64,UF-M-14899,Left,M3,0.043858,1,3,UF-M-14899-Left-M3-Selected-01,Coendou,prehensilis,16.14049661,32.887,8.558,11.757,14.003,16.974,84.632,29.067,35.598,30.076,49.635,Straight,Yes
65,65,UF-M-14899,Left,M3,0.043858,2,3,UF-M-14899-Left-M3-Selected-02,Coendou,prehensilis,16.27090424,45.514,10.364,14.173,11.413,12.668,82.737,24.459,34.074,27.945,56.866,Straight,No
66,66,UF-M-18810,Left,M3,0.043858,0,4,UF-M-18810-Left-M3-Selected-00,Erethizon,dorsatum,19.39849516,17.582,4.896,8.556,28.232,25.938,122.169,44.547,41.922,30.2,58.778,Straight,Yes
67,67,UF-M-18810,Left,M3,0.043858,1,4,UF-M-18810-Left-M3-Selected-01,Erethizon,dorsatum,19.68295426,43.808,10.001,12.142,24.637,21.264,122.106,39.882,40.274,30.891,62.697,Straight,Yes
68,68,UF-M-18810,Left,M3,0.043858,2,4,UF-M-18810-Left-M3-Selected-02,Erethizon,dorsatum,19.90743188,58.112,14.576,13.439,24.624,16.201,123.666,39.864,33.179,32.091,64.289,Straight,Yes
69,69,UF-M-18810,Left,M3,0.043858,3,4,UF-M-18810-Left-M3-Selected-03,Erethizon,dorsatum,20.25175576,66.319,16.447,16.697,18.944,13.697,120.053,33.559,30.967,31.541,63.444,Straight,Yes
70,70,UF-M-18810,Left,M3,0.043858,4,4,UF-M-18810-Left-M3-Selected-04,Erethizon,dorsatum,20.34357342,74.37,20.796,19.161,17.997,12.603,117.062,31.356,27.788,31.435,66.678,Straight,Yes
71,71,UF-M-18810,Left,M3,0.043858,5,4,UF-M-18810-Left-M3-Selected-05,Erethizon,dorsatum,20.53989515,79.52,23.465,20.692,15.031,11.158,112.605,29.779,23.583,30.563,63.482,Straight,Yes
72,72,UF-M-18810,Left,M3,0.043858,6,4,UF-M-18810-Left-M3-Selected-06,Erethizon,dorsatum,20.50423683,84.719,26.401,19.731,13.376,10.798,108.085,26.256,22.083,29.122,68.926,Straight,Yes
73,73,UF-M-18810,Left,M3,0.043858,7,4,UF-M-18810-Left-M3-Selected-07,Erethizon,dorsatum,20.40133648,87.109,27.227,20.488,12.766,10.494,102.869,21.249,16.592,31.056,71.682,Straight,Yes
74,74,UF-M-18810,Left,M3,0.043858,8,4,UF-M-18810-Left-M3-Selected-08,Erethizon,dorsatum,20.04785986,88.479,32.034,22.176,10.027,8.646,96.298,18.834,19.209,29.273,78.607,Straight,No
75,75,UF-M-18810,Right,M3,0.043858,0,4,UF-M-18810-Right-M3-Selected-00,Erethizon,dorsatum,18.82678405,16.72,5.751,7.504,22.696,24.801,110.899,39.919,35.812,35.798,68.309,Straight,Yes
76,76,UF-M-18810,Right,M3,0.043858,1,4,UF-M-18810-Right-M3-Selected-01,Erethizon,dorsatum,19.29625419,54.263,11.635,13.335,18.129,19.905,110.784,36.486,30.854,34.598,69.516,Straight,Yes
77,77,UF-M-18810,Right,M3,0.043858,2,4,UF-M-18810-Right-M3-Selected-02,Erethizon,dorsatum,19.59836722,65.589,14.699,15.249,16.633,15.304,108.24,34.409,26.831,34.581,71.638,Straight,Yes
78,78,UF-M-18810,Right,M3,0.043858,3,4,UF-M-18810-Right-M3-Selected-03,Erethizon,dorsatum,19.78154252,71.735,20.425,13.777,107.426,12.553,106.91,29.692,25.407,31.805,72.208,Straight,Yes
79,79,UF-M-18810,Right,M3,0.043858,4,4,UF-M-18810-Right-M3-Selected-04,Erethizon,dorsatum,19.92306153,78.182,23.688,20.055,13.37,12.564,104.984,26.693,23.593,33.307,67.267,Straight,Yes
80,80,UF-M-18810,Right,M3,0.043858,5,4,UF-M-18810-Right-M3-Selected-05,Erethizon,dorsatum,19.8359943,83.788,24.795,19.94,12.583,19.467,101.5,24.094,20.036,31.708,72.532,Straight,No
81,81,UF-M-18810,Right,M3,0.043858,6,4,UF-M-18810-Right-M3-Selected-06,Erethizon,dorsatum,19.48766185,89.307,27.102,21.084,13.076,10.143,97.89,21.261,17.001,32.389,78.554,Straight,No
82,82,UF-M-18810,Right,M3,0.043858,7,4,UF-M-18810-Right-M3-Selected-07,Erethizon,dorsatum,18.98263474,87.476,30.537,20.046,11.036,8.576,89.817,17.067,17.827,31.412,80.508,Straight,No
83,83,UF-M-18810,Right,M3,0.043858,8,4,UF-M-18810-Right-M3-Selected-08,Erethizon,dorsatum,18.26301652,87.703,28.473,24.573,7.397,6.122,87.292,15.884,15.813,30.007,85.031,Straight,No
84,84,UF-M-18811,Left,M3,0.043858,0,5,UF-M-18811-Left-M3-Selected-00,Erethizon,dorsatum,22.35831289,17.58,4.6,6.167,29.271,24.134,143.901,34.964,44.661,31.508,36.082,Convex,No
85,85,UF-M-18811,Left,M3,0.043858,1,5,UF-M-18811-Left-M3-Selected-01,Erethizon,dorsatum,22.68467699,50.374,8.897,11.372,26.442,22.41,140.009,28.283,36.346,30.171,44.585,Convex,No
86,86,UF-M-18811,Left,M3,0.043858,2,5,UF-M-18811-Left-M3-Selected-02,Erethizon,dorsatum,22.79869622,71.666,12.996,13.799,22.46,18.975,136.58,26.973,33.868,29.518,51.75,Convex,No
87,87,UF-M-18811,Left,M3,0.043858,3,5,UF-M-18811-Left-M3-Selected-03,Erethizon,dorsatum,22.70175364,87.65,19.736,17.478,21.478,15.514,128.357,25.958,30.103,29.687,61.165,Convex,No
88,88,UF-M-18811,Left,M3,0.043858,4,5,UF-M-18811-Left-M3-Selected-04,Erethizon,dorsatum,22.44267107,97.939,23.948,20.692,15.438,15.874,122.188,20.576,26.006,27.479,65.466,Convex,No
89,89,UF-M-18811,Left,M3,0.043858,5,5,UF-M-18811-Left-M3-Selected-05,Erethizon,dorsatum,22.11051063,105.536,27.723,22.589,16.042,13.106,118.277,19.037,25.288,23.965,68.598,Convex,No
90,90,UF-M-18811,Right,M3,0.043858,0,5,UF-M-18811-Right-M3-Selected-00,Erethizon,dorsatum,22.09499608,10.78,2.627,5.354,31.619,26.221,147.399,32.006,40.99,33.099,40.804,Convex,No
91,91,UF-M-18811,Right,M3,0.043858,1,5,UF-M-18811-Right-M3-Selected-01,Erethizon,dorsatum,22.59105126,46.616,8.198,10.647,24.545,21.05,143.525,27.08,38.277,27.124,50.735,Convex,No
92,92,UF-M-18811,Right,M3,0.043858,2,5,UF-M-18811-Right-M3-Selected-02,Erethizon,dorsatum,22.50367356,66.978,14.616,14.073,22.172,18.292,136.243,23.054,32.504,26.584,52.717,Convex,No
93,93,UF-M-18811,Right,M3,0.043858,3,5,UF-M-18811-Right-M3-Selected-03,Erethizon,dorsatum,22.47539016,81.914,20.243,17.484,19.854,16.9,133.306,21.594,29.232,25.484,63.044,Convex,No
94,94,UF-M-18811,Right,M3,0.043858,4,5,UF-M-18811-Right-M3-Selected-04,Erethizon,dorsatum,22.14007425,93.451,2.429,22.084,17.014,15.524,129.621,23.056,26.295,25.378,66.597,Convex,No
95,95,UF-M-18811,Right,M3,0.043858,5,5,UF-M-18811-Right-M3-Selected-05,Erethizon,dorsatum,21.85249836,100.487,29.98,22.577,15.585,15.21,121.019,19.525,21.486,24.411,76.093,Convex,No
96,96,UF-M-18813,Left,M3,0.043858,0,5,UF-M-18813-Left-M3-Selected-00,Erethizon,dorsatum,22.49688363,40.91,12.169,2.867,29.37,20.581,146.114,47.985,56.987,27.021,38.126,Convex,Yes
97,97,UF-M-18813,Left,M3,0.043858,1,5,UF-M-18813-Left-M3-Selected-01,Erethizon,dorsatum,22.59735347,66.577,15.456,9.013,24.627,22.886,129.308,43.259,52.3,26.02,37.52,Convex,Yes
98,98,UF-M-18813,Left,M3,0.043858,2,5,UF-M-18813-Left-M3-Selected-02,Erethizon,dorsatum,22.78086176,83.031,21.754,12.738,22.332,19.275,130.764,37.432,48.419,25.195,41.347,Convex,Yes
99,99,UF-M-18813,Left,M3,0.043858,3,5,UF-M-18813-Left-M3-Selected-03,Erethizon,dorsatum,23.03000014,93.819,25.882,15.237,20.261,15.576,125.102,34.628,43.138,22.566,46.056,Convex,No
100,100,UF-M-18813,Right,M3,0.043858,0,5,UF-M-18813-Right-M3-Selected-00,Erethizon,dorsatum,22.4040209,38.109,10.77,2.683,31.663,31.292,138.421,53.202,59.354,27.288,30.465,Convex,Yes
101,101,UF-M-18813,Right,M3,0.043858,1,5,UF-M-18813-Right-M3-Selected-01,Erethizon,dorsatum,22.44431708,62.4,16.125,9.879,27.212,24.03,131.615,44.414,53.283,25.448,37.348,Convex,Yes
102,102,UF-M-18813,Right,M3,0.043858,2,5,UF-M-18813-Right-M3-Selected-02,Erethizon,dorsatum,22.90886103,78,24.71,13.078,23.44,20.025,129.447,39.924,49.362,25.348,36.003,Convex,Yes
103,103,UF-M-18813,Right,M3,0.043858,3,5,UF-M-18813-Right-M3-Selected-03,Erethizon,dorsatum,22.98461527,90.779,24.687,16.199,17.564,17.713,125.031,37.352,43.363,25.464,43.552,Convex,No
104,104,UF-M-23229,Left,M3,0.043858,0,5,UF-M-23229-Left-M3-Selected-00,Erethizon,dorsatum,25.05363373,57.669,15.666,6.052,34.147,53.036,148.238,39.199,54.901,26.154,9.723,Convex,Yes
105,105,UF-M-23229,Left,M3,0.043858,1,5,UF-M-23229-Left-M3-Selected-01,Erethizon,dorsatum,25.02678342,75.034,21.446,10.273,28.602,31.376,146.632,37.55,56.033,24.425,16.327,Convex,No
106,106,UF-M-23229,Left,M3,0.043858,2,5,UF-M-23229-Left-M3-Selected-02,Erethizon,dorsatum,24.7531224,89.458,26.925,13.8,29.538,22.041,146.192,41.64,50.183,25.352,38.924,Convex,No
107,107,UF-M-23229,Right,M3,0.043858,0,5,UF-M-23229-Right-M3-Selected-00,Erethizon,dorsatum,24.97064735,50.847,17.357,3.519,32.937,40.254,148.198,37.052,53.567,25.681,4.886,Convex,Yes
108,108,UF-M-23229,Right,M3,0.043858,1,5,UF-M-23229-Right-M3-Selected-01,Erethizon,dorsatum,25.68274861,73.819,21.21,8.968,30.874,36.435,149.231,45.729,59.18,25.242,13.772,Convex,No
109,109,UF-M-23229,Right,M3,0.043858,2,5,UF-M-23229-Right-M3-Selected-02,Erethizon,dorsatum,24.70306913,85.375,28.752,13.22,27.376,26.923,147.488,43.046,48.525,24.433,12.604,Convex,No
110,110,UF-M-23233,Right,M3,0.043858,0,4,UF-M-23233-Right-M3-Selected-00,Erethizon,dorsatum,19.01308034,2.266,5.528,8.645,22.852,20.634,130.803,30.214,35.069,24.201,46.89,Convex,Yes
111,111,UF-M-23233,Right,M3,0.043858,1,4,UF-M-23233-Right-M3-Selected-01,Erethizon,dorsatum,19.60938216,35.331,7.362,11.638,20.536,18.685,129.46,25.977,29.216,24.923,54.697,Convex,No
112,112,UF-M-23233,Right,M3,0.043858,2,4,UF-M-23233-Right-M3-Selected-02,Erethizon,dorsatum,19.9167823,51.492,10.616,13.465,18.138,13.93,124.457,24.247,25.124,23.82,54.886,Convex,No
113,113,UF-M-23233,Right,M3,0.043858,3,4,UF-M-23233-Right-M3-Selected-03,Erethizon,dorsatum,19.88360061,64.422,14.33,14.635,16.873,13.613,122.386,20.844,19.268,25.684,63.586,Convex,No
114,114,UF-M-23233,Right,M3,0.043858,4,4,UF-M-23233-Right-M3-Selected-04,Erethizon,dorsatum,19.7999107,71.897,17.75,18.996,13.595,12.36,111.943,19.761,20.426,25.567,65.838,Convex,No
115,115,UF-M-23233,Right,M3,0.043858,5,4,UF-M-23233-Right-M3-Selected-05,Erethizon,dorsatum,19.52824132,22.812,21.378,18.884,12.759,12.044,105.038,17.837,16.434,25.295,71.331,Convex,No
116,116,UF-M-23234,Left,M3,0.043858,0,4,UF-M-23234-Left-M3-Selected-00,Erethizon,dorsatum,20.22867533,18.429,4.118,5.773,27.332,27.581,126.841,37.701,45.528,31.506,38.838,Convex,No
117,117,UF-M-23234,Left,M3,0.043858,1,4,UF-M-23234-Left-M3-Selected-01,Erethizon,dorsatum,20.19399935,33.641,10.299,10.936,23.163,21.311,127.255,35.285,41.087,29.331,35.52,Convex,No
118,118,UF-M-23234,Left,M3,0.043858,2,4,UF-M-23234-Left-M3-Selected-02,Erethizon,dorsatum,20.15107717,48.716,13.445,15.268,20.754,18.17,126.019,35.339,38.551,29.88,37.457,Convex,No
119,119,UF-M-23234,Left,M3,0.043858,3,4,UF-M-23234-Left-M3-Selected-03,Erethizon,dorsatum,20.11744366,60.395,17.558,17.39,18.681,14.402,123.692,30.831,36.437,27.869,38.998,Convex,No
120,120,UF-M-23234,Left,M3,0.043858,4,4,UF-M-23234-Left-M3-Selected-04,Erethizon,dorsatum,20.23934984,71.089,22.684,17.634,14.665,11.914,118.203,27.927,30.529,26.551,38.868,Convex,No
121,121,UF-M-23234,Left,M3,0.043858,5,4,UF-M-23234-Left-M3-Selected-05,Erethizon,dorsatum,20.06219284,78.713,24.957,16.641,15.351,11.914,114.601,25.096,28.222,28.945,38.687,Convex,No
122,122,UF-M-23234,Left,M3,0.043858,6,4,UF-M-23234-Left-M3-Selected-06,Erethizon,dorsatum,19.72399362,87.519,28.622,15.045,13.977,6.895,102.345,24.369,26.833,25.21,41.089,Convex,No
123,123,UF-M-23234,Left,M3,0.043858,7,4,UF-M-23234-Left-M3-Selected-07,Erethizon,dorsatum,19.40538069,88.508,31.591,15.598,14.279,8.817,99.539,19.925,25.083,25.013,45.498,Convex,No
124,124,UF-M-23234,Right,M3,0.043858,0,4,UF-M-23234-Right-M3-Selected-00,Erethizon,dorsatum,20.17764327,14.553,6.005,3.976,26.233,28.652,126.348,37.761,46.508,33.931,26.397,Convex,Yes
125,125,UF-M-23234,Right,M3,0.043858,1,4,UF-M-23234-Right-M3-Selected-01,Erethizon,dorsatum,20.38288976,34.418,10.291,8.826,22.885,20.895,127.617,35.874,42.332,30.215,30.06,Convex,Yes
126,126,UF-M-23234,Right,M3,0.043858,2,4,UF-M-23234-Right-M3-Selected-02,Erethizon,dorsatum,20.54221826,45.613,16.547,13.319,18.918,16.727,125.077,33.435,39.513,26.798,31.861,Convex,Yes
127,127,UF-M-23234,Right,M3,0.043858,3,4,UF-M-23234-Right-M3-Selected-03,Erethizon,dorsatum,20.39167329,57.449,18.571,15.445,17.336,14.147,121.882,33.02,35.381,29.176,36.331,Convex,No
128,128,UF-M-23234,Right,M3,0.043858,4,5,UF-M-23234-Right-M3-Selected-04,Erethizon,dorsatum,20.43431576,71.352,23.701,17.229,15.697,11.571,119.347,30.087,31.633,28.591,38.583,Convex,No
129,129,UF-M-23234,Right,M3,0.043858,5,5,UF-M-23234-Right-M3-Selected-05,Erethizon,dorsatum,20.13268516,75.103,26.383,17.467,15.274,10.947,115.719,28.288,29.377,27.189,36.605,Convex,No
130,130,UF-M-23234,Right,M3,0.043858,6,5,UF-M-23234-Right-M3-Selected-06,Erethizon,dorsatum,20.0056594,86.097,29.908,16.77,14.121,7.721,109.099,24.557,25.964,25.236,39.798,Convex,No
131,131,UF-M-23234,Right,M3,0.043858,7,5,UF-M-23234-Right-M3-Selected-07,Erethizon,dorsatum,19.70205499,87.24,31.619,16.506,13.319,8.042,103.339,21.139,23.179,23.233,50.515,Convex,No
132,132,UF-M-23235,Left,M3,0.043858,0,5,UF-M-23235-Left-M3-Selected-00,Erethizon,dorsatum,21.76293886,12.421,5.191,5.085,21.922,40.292,129.405,37.225,48.145,29.706,15.878,Convex,No
133,133,UF-M-23235,Left,M3,0.043858,1,4,UF-M-23235-Left-M3-Selected-01,Erethizon,dorsatum,21.20719423,37.869,15.047,8.334,19.116,32.107,126.607,34.98,41.035,31.144,34.128,Convex,No
134,134,UF-M-23235,Left,M3,0.043858,2,4,UF-M-23235-Left-M3-Selected-02,Erethizon,dorsatum,20.91204408,60.681,18.601,10.248,16.648,23.617,125.286,31.836,35.959,32.389,47.359,Convex,No
135,135,UF-M-23235,Left,M3,0.043858,3,4,UF-M-23235-Left-M3-Selected-03,Erethizon,dorsatum,20.72924241,72.777,24.205,13.59,14.442,19.831,119.626,28.491,32.101,32.723,49.651,Convex,No
136,136,UF-M-23235,Left,M3,0.043858,4,4,UF-M-23235-Left-M3-Selected-04,Erethizon,dorsatum,20.34915381,76.654,28.271,13.043,13.84,15.739,109.236,24.5,27.872,31.009,53.281,Convex,No
137,137,UF-M-30951,Left,M3,0.043858,0,4,UF-M-30951-Left-M3-Selected-00,Coendou,prehensilis,16.13527661,6.631,13.318,4.735,21.669,25.484,98.348,31.433,42.015,31.443,33.426,Straight,Yes
138,138,UF-M-30951,Left,M3,0.043858,1,4,UF-M-30951-Left-M3-Selected-01,Coendou,prehensilis,16.6634295,48.484,15.895,9.447,19.026,16.977,93.878,27.484,40.288,30.316,35.617,Straight,Yes
139,139,UF-M-30951,Left,M3,0.043858,2,4,UF-M-30951-Left-M3-Selected-02,Coendou,prehensilis,17.04981832,58.709,25.499,13.508,15.014,14.476,93.343,21.27,31.763,30.758,42.665,Straight,Yes
140,140,UF-M-30951,Left,M3,0.043858,3,4,UF-M-30951-Left-M3-Selected-03,Coendou,prehensilis,17.18170693,70.661,30.179,17.914,12.238,11.49,93.332,16.57,22.211,32.055,45.366,Straight,No
141,141,UF-M-30951,Right,M3,0.043858,0,5,UF-M-30951-Right-M3-Selected-00,Coendou,prehensilis,16.3971465,8.398,3.785,5.693,23.723,24.194,98.896,25.154,37.892,34.538,20.898,Straight,Yes
142,142,UF-M-30951,Right,M3,0.043858,1,5,UF-M-30951-Right-M3-Selected-01,Coendou,prehensilis,16.85668369,44.968,10.14,9.887,17.178,19.366,98.121,18.822,32.268,31.204,27.655,Straight,Yes
143,143,UF-M-30951,Right,M3,0.043858,2,5,UF-M-30951-Right-M3-Selected-02,Coendou,prehensilis,17.13391676,59.309,23.604,14.39,15.007,15.311,95.094,22.592,27.827,32.175,31.032,Straight,No
144,144,UF-M-30951,Right,M3,0.043858,3,5,UF-M-30951-Right-M3-Selected-03,Coendou,prehensilis,17.08273862,67.412,26.888,15.382,11.795,10.694,91.816,17.465,22.867,31.347,35.953,Straight,No
145,145,UF-M-3190,Left,M3,0.043858,0,5,UF-M-3190-Left-M3-Selected-00,Erethizon,dorsatum,22.41998564,11.504,4.791,3.528,33.17,15.655,145.016,53.827,60.282,24.595,0,Concave,Yes
146,146,UF-M-3190,Left,M3,0.043858,1,5,UF-M-3190-Left-M3-Selected-01,Erethizon,dorsatum,23.12945524,32.141,10.536,4.651,28.687,29.394,145.976,50.515,54.538,22.073,14.235,Concave,No
147,147,UF-M-3190,Left,M3,0.043858,2,5,UF-M-3190-Left-M3-Selected-02,Erethizon,dorsatum,22.01675789,46.95,15.359,7.593,27.938,23.007,143.422,45.249,47.118,23.445,14.688,Straight,No
148,148,UF-M-3190,Left,M3,0.043858,3,5,UF-M-3190-Left-M3-Selected-03,Erethizon,dorsatum,21.83235833,60.731,19.495,9.917,23.254,22.04,141.845,39.959,39.394,22.523,28.806,Straight,No
149,149,UF-M-3190,Left,M3,0.043858,4,5,UF-M-3190-Left-M3-Selected-04,Erethizon,dorsatum,21.55637309,71.213,22.778,11.853,21.181,19.168,138.658,36.815,40.506,25.936,36.836,Straight,No
150,150,UF-M-3190,Left,M3,0.043858,5,5,UF-M-3190-Left-M3-Selected-05,Erethizon,dorsatum,21.0588431,76.794,26.81,11.714,18.455,18.526,135.53,31.274,34.888,24.87,41.414,Straight,No
151,151,UF-M-3190,Right,M3,0.043858,0,5,UF-M-3190-Right-M3-Selected-00,Erethizon,dorsatum,22.08235847,18.29,6.313,4.699,25.726,22.982,147.353,54.023,64.838,27,0,Concave,Yes
152,152,UF-M-3190,Right,M3,0.043858,1,5,UF-M-3190-Right-M3-Selected-01,Erethizon,dorsatum,22.917318,35.414,10.362,9.873,24.261,22.666,145.436,47.003,59.9,21.135,14.318,Straight,Yes
153,153,UF-M-3190,Right,M3,0.043858,2,5,UF-M-3190-Right-M3-Selected-02,Erethizon,dorsatum,23.34076965,20.476,8.836,9.834,18.686,19.365,146.371,42.721,58.269,23.268,19.032,Straight,No
154,154,UF-M-3190,Right,M3,0.043858,3,5,UF-M-3190-Right-M3-Selected-03,Erethizon,dorsatum,21.81123204,59.869,15.466,12.578,18.709,20.022,142.504,37.314,54.711,22.209,34.094,Straight,No
155,155,UF-M-3190,Right,M3,0.043858,4,5,UF-M-3190-Right-M3-Selected-04,Erethizon,dorsatum,21.33479389,67.561,25.159,12.816,17.906,19.034,139.86,31.793,42.902,21.431,21.387,Straight,No
156,156,UF-M-3192,Left,M3,0.043858,0,5,UF-M-3192-Left-M3-Selected-00,Erethizon,dorsatum,22.04515519,22.32,6.023,4.821,33.621,48.045,134.908,58.588,55.66,27.495,0,Convex,Yes
157,157,UF-M-3192,Left,M3,0.043858,1,5,UF-M-3192-Left-M3-Selected-01,Erethizon,dorsatum,21.74131367,38.716,13.252,3.627,28.149,32.075,134.535,44.707,50.056,26.973,25.067,Straight,Yes
158,158,UF-M-3192,Left,M3,0.043858,2,5,UF-M-3192-Left-M3-Selected-02,Erethizon,dorsatum,21.85226565,54.346,15.772,5.88,24.267,25.31,132.371,43.12,43.222,28.037,35.161,Straight,No
159,159,UF-M-3192,Left,M3,0.043858,3,5,UF-M-3192-Left-M3-Selected-03,Erethizon,dorsatum,21.58688848,71.412,22.072,5.129,19.988,19.196,129.776,36.335,37.582,27.875,40.005,Straight,No
160,160,UF-M-3192,Left,M3,0.043858,4,5,UF-M-3192-Left-M3-Selected-04,Erethizon,dorsatum,21.37264193,82.742,25.45,8.742,18.421,16.162,126.862,32.689,35.246,25.543,46.082,Straight,No
161,161,UF-M-3192,Left,M3,0.043858,5,5,UF-M-3192-Left-M3-Selected-05,Erethizon,dorsatum,21.02738598,90.295,28.857,9.583,17.382,11.79,114.491,28.204,31.351,23.037,42.62,Straight,No
162,162,UF-M-3192,Left,M3,0.043858,6,5,UF-M-3192-Left-M3-Selected-06,Erethizon,dorsatum,20.39773269,87.417,33.671,11.611,13.739,9.116,108.822,23.348,27.139,24.134,49.216,Straight,No
163,163,UF-M-3192,Right,M3,0.043858,0,5,UF-M-3192-Right-M3-Selected-00,Erethizon,dorsatum,22.19994271,19.516,5.138,4.073,32.58,31.443,131.052,59.316,60.22,32.998,0,Convex,Yes
164,164,UF-M-3192,Right,M3,0.043858,1,5,UF-M-3192-Right-M3-Selected-01,Erethizon,dorsatum,22.12107752,38.403,11.112,4.733,31.301,37.946,131.61,46.264,56.446,30.405,19.087,Convex,Yes
165,165,UF-M-3192,Right,M3,0.043858,2,5,UF-M-3192-Right-M3-Selected-02,Erethizon,dorsatum,21.87652149,54.066,16.341,5.312,23.972,30.626,132.604,42.165,45.16,28.6,22.414,Convex,No
166,166,UF-M-3192,Right,M3,0.043858,3,5,UF-M-3192-Right-M3-Selected-03,Erethizon,dorsatum,21.88015869,70.131,22.362,6.501,20.857,22.283,128.429,34.974,42.085,26.14,34.491,Convex,No
167,167,UF-M-3192,Right,M3,0.043858,4,5,UF-M-3192-Right-M3-Selected-04,Erethizon,dorsatum,21.59767008,82.543,26.183,8.272,18.365,18.109,124.236,31.276,36.454,24.197,40.376,Convex,No
168,168,UF-M-3192,Right,M3,0.043858,5,5,UF-M-3192-Right-M3-Selected-05,Erethizon,dorsatum,21.11336158,88.393,29.94,8.191,14.98,13.242,121.416,26.386,32.83,25.908,43.096,Convex,No
169,169,UF-M-3192,Right,M3,0.043858,6,5,UF-M-3192-Right-M3-Selected-06,Erethizon,dorsatum,20.5057249,89.631,33.815,13.767,13.802,12.185,114.263,25.306,27.659,26.908,49.798,Convex,No
170,170,UF-M-33211,Left,M3,0.043858,0,5,UF-M-33211-Left-M3-Selected-00,Erethizon,dorsatum,21.53493691,13.559,7.894,3.737,32.635,36.664,149.176,54.723,61.85,26.647,15.817,Convex,Yes
171,171,UF-M-33211,Left,M3,0.043858,1,5,UF-M-33211-Left-M3-Selected-01,Erethizon,dorsatum,21.84846461,36.09,10.346,6.044,27.91,26.01,148.423,48.79,57.601,20.837,35.548,Convex,Yes
172,172,UF-M-33211,Left,M3,0.043858,2,5,UF-M-33211-Left-M3-Selected-02,Erethizon,dorsatum,22.28610997,55.494,11.242,8.268,27.837,23.823,149.17,37.574,47.366,20.378,44.292,Convex,Yes
173,173,UF-M-33211,Left,M3,0.043858,3,5,UF-M-33211-Left-M3-Selected-03,Erethizon,dorsatum,22.44903255,66.051,13.137,10.784,24.923,23.821,145.863,37.233,40.825,21.308,48.239,Convex,Yes
174,174,UF-M-33211,Left,M3,0.043858,4,5,UF-M-33211-Left-M3-Selected-04,Erethizon,dorsatum,22.50928617,75.116,13.34,12.957,20.539,21.65,142.284,35.729,36.013,21.191,53.613,Convex,Yes
175,175,UF-M-33211,Left,M3,0.043858,5,5,UF-M-33211-Left-M3-Selected-05,Erethizon,dorsatum,22.50710053,82.771,15.591,14.367,21.154,20.918,138.538,31.957,29.256,20.624,59.41,Convex,Yes
176,176,UF-M-33211,Left,M3,0.043858,6,5,UF-M-33211-Left-M3-Selected-06,Erethizon,dorsatum,22.4947495,87.298,17.731,14.16,17.271,18.415,132.358,30.331,23.574,20.2,68.781,Convex,Yes
177,177,UF-M-33211,Left,M3,0.043858,7,5,UF-M-33211-Left-M3-Selected-07,Erethizon,dorsatum,22.21437102,90.974,21.173,12.508,18.327,19.088,125.958,27.429,23.143,20.537,75.682,Convex,No
178,178,UF-M-33211,Left,M3,0.043858,8,5,UF-M-33211-Left-M3-Selected-08,Erethizon,dorsatum,21.71087575,92.598,25.794,14.231,15.185,16.556,120.945,27.658,22.292,20.181,79.641,Convex,No
179,179,UF-M-33211,Right,M3,0.043858,0,5,UF-M-33211-Right-M3-Selected-00,Erethizon,dorsatum,22.25368804,13.88,5.03,3,30.023,32.627,148.879,56.117,58.5,24.831,7.573,Convex,Yes
180,180,UF-M-33211,Right,M3,0.043858,1,5,UF-M-33211-Right-M3-Selected-01,Erethizon,dorsatum,21.78269309,30.935,7.537,5.263,28.483,26.628,149.273,46.385,54.844,23.131,20.484,Convex,Yes
181,181,UF-M-33211,Right,M3,0.043858,2,5,UF-M-33211-Right-M3-Selected-02,Erethizon,dorsatum,22.16698229,51.05,9.277,8.326,28.758,25.136,147.406,39.93,51.517,21.977,35.012,Convex,Yes
182,182,UF-M-33211,Right,M3,0.043858,3,5,UF-M-33211-Right-M3-Selected-03,Erethizon,dorsatum,22.54142931,64.226,9.9,13.401,26.196,22.878,145.983,39.151,44.551,19.777,52.736,Convex,Yes
183,183,UF-M-33211,Right,M3,0.043858,4,5,UF-M-33211-Right-M3-Selected-04,Erethizon,dorsatum,22.71657311,73.581,10.673,16.142,21.908,19.875,143.637,35.084,42.645,19.192,57.771,Convex,Yes
184,184,UF-M-33211,Right,M3,0.043858,5,5,UF-M-33211-Right-M3-Selected-05,Erethizon,dorsatum,22.75023024,81.406,12.006,18.562,20.744,20.747,137.258,34.15,33.829,18.31,65.305,Convex,Yes
185,185,UF-M-33211,Right,M3,0.043858,6,5,UF-M-33211-Right-M3-Selected-06,Erethizon,dorsatum,22.51791427,89.192,14.835,17.024,19.687,19.5,133.978,31.005,29.93,18.845,73.176,Convex,No
186,186,UF-M-33211,Right,M3,0.043858,7,5,UF-M-33211-Right-M3-Selected-07,Erethizon,dorsatum,22.03893538,88.971,18.742,14.745,18.467,21.378,126.597,29.226,24.285,19.751,71.048,Convex,No
187,187,UF-M-33211,Right,M3,0.043858,8,5,UF-M-33211-Right-M3-Selected-08,Erethizon,dorsatum,21.54627281,91.864,20.516,13.258,16.842,20.656,119.088,26.846,25.17,17.967,75.233,Convex,No
188,188,UF-M-4652,Left,M3,0.043858,0,5,UF-M-4652-Left-M3-Selected-00,Erethizon,dorsatum,22.87619062,19.819,5.857,3.894,31.939,12.929,145.323,54.646,59.743,25.063,0,Convex,Yes
189,189,UF-M-4652,Left,M3,0.043858,1,5,UF-M-4652-Left-M3-Selected-01,Erethizon,dorsatum,23.11933672,38.528,12.666,6.472,26.445,24.634,145.735,48.993,51.356,24.162,12.325,Convex,No
190,190,UF-M-4652,Left,M3,0.043858,2,5,UF-M-4652-Left-M3-Selected-02,Erethizon,dorsatum,21.89457389,50.718,15.187,8.408,24.818,21.858,143.163,44.916,47.778,24.112,18.836,Convex,No
191,191,UF-M-4652,Left,M3,0.043858,3,5,UF-M-4652-Left-M3-Selected-03,Erethizon,dorsatum,21.76375005,65.911,21.438,10.416,23.269,20.661,139.497,38.852,43.187,25.056,31.722,Convex,No
192,192,UF-M-4652,Left,M3,0.043858,4,5,UF-M-4652-Left-M3-Selected-04,Erethizon,dorsatum,21.42360833,72.369,26.02,11.235,20.382,18.788,138.853,35.593,38.755,25.55,38.629,Convex,No
193,193,UF-M-4652,Right,M3,0.043858,0,5,UF-M-4652-Right-M3-Selected-00,Erethizon,dorsatum,21.94690838,20.339,3.405,3.589,30.801,25.374,146.825,53.884,63.651,23.366,0,Convex,Yes
194,194,UF-M-4652,Right,M3,0.043858,1,5,UF-M-4652-Right-M3-Selected-01,Erethizon,dorsatum,22.81564942,28.644,9.995,6.1,23.31,24.261,144.343,48.992,52.655,20.803,14.518,Convex,Yes
195,195,UF-M-4652,Right,M3,0.043858,2,5,UF-M-4652-Right-M3-Selected-02,Erethizon,dorsatum,23.21853399,46.823,13.854,9.931,19.63,18.573,143.946,42.009,57.403,22.754,19.139,Convex,No
196,196,UF-M-4652,Right,M3,0.043858,3,5,UF-M-4652-Right-M3-Selected-03,Erethizon,dorsatum,21.91579296,61.495,16.391,12.37,19.131,20.812,141.248,37.187,50.855,21.873,19.7,Convex,No
197,197,UF-M-4652,Right,M3,0.043858,4,4,UF-M-4652-Right-M3-Selected-04,Erethizon,dorsatum,21.69388756,67.395,20.653,13.029,18.492,17.818,140.639,32.958,45.331,22.547,13.507,Convex,No
198,198,UF-M-7993,Right,M3,0.043858,0,4,UF-M-7993-Right-M3-Selected-00,Erethizon,dorsatum,23.00353804,14.014,5.374,8.412,28.202,25.092,145.471,40.129,41.07,30.841,39.883,Convex,Yes
199,199,UF-M-7993,Right,M3,0.043858,1,4,UF-M-7993-Right-M3-Selected-01,Erethizon,dorsatum,23.39451617,38.121,14.279,15.58,25.562,20.931,145.607,33.846,35.31,28.355,41.68,Convex,Yes
200,200,UF-M-7993,Right,M3,0.043858,2,4,UF-M-7993-Right-M3-Selected-02,Erethizon,dorsatum,23.82192381,55.485,19.264,17.146,23.624,19.793,144.186,28.662,32.23,30.86,45.444,Convex,No
201,201,UF-M-7993,Right,M3,0.043858,3,4,UF-M-7993-Right-M3-Selected-03,Erethizon,dorsatum,24.01523615,69.107,23.652,19.473,23.804,15.276,141.881,25.221,27.98,31.603,52.69,Convex,No
202,202,UF-M-7993,Right,M3,0.043858,4,4,UF-M-7993-Right-M3-Selected-04,Erethizon,dorsatum,24.1077138,78.862,27.594,22.832,18.025,12.546,138.074,23.292,24.74,33.767,58.761,Convex,No
203,203,UF-M-7993,Right,M3,0.043858,5,7,UF-M-7993-Right-M3-Selected-05,Erethizon,dorsatum,24.18319819,85.142,31.266,25.005,10.51,7.638,134.756,16.707,21.58,31.399,60.852,Convex,No
204,204,UF-UF-121740,Right,M3,0.055008,0,7,UF-UF-121740-Right-M3-Selected-00,Erethizon,poyeri,19.54761186,29.645,63.82,2.866,21.403,20.39,102.167,37.223,39.032,30.518,20.19,Straight,Yes
205,205,UF-UF-121740,Right,M3,0.055008,1,7,UF-UF-121740-Right-M3-Selected-01,Erethizon,poyeri,19.36705417,40.224,7.916,3.883,20.896,18.627,101.862,38.194,38.801,30.428,17.354,Straight,Yes
206,206,UF-UF-121740,Right,M3,0.055008,2,7,UF-UF-121740-Right-M3-Selected-02,Erethizon,poyeri,19.32295969,48.683,7.836,9.385,19.005,12.598,97.518,30.501,34.248,29.637,38.928,Straight,Yes
207,207,UF-UF-121740,Right,M3,0.055008,3,,UF-UF-121740-Right-M3-Selected-03,Erethizon,poyeri,19.39091186,54.311,11.999,9.933,16.048,13.399,97.575,27.732,28.472,31.773,52.051,Straight,Yes
208,208,UF-UF-21473,Left,M3,0.05029,0,,UF-UF-21473-Left-M3-Selected-00,Erethizon,kleini,18.76457867,11.831,5.242,4.64,21.63,34.004,93.185,25.529,32.73,36.336,14.812,Convex,Yes
209,209,UF-UF-21473,Left,M3,0.05029,1,,UF-UF-21473-Left-M3-Selected-01,Erethizon,kleini,18.27147862,33.549,12.91,9.815,16.961,21.868,89.51,22.181,29.241,37.48,22.395,Convex,No
210,210,UF-UF-223810,Left,M3,0.056448,0,,UF-UF-223810-Left-M3-Selected-00,Erethizon,poyeri,22.20767522,0.024,0.011,0.021,0.043,0.055,0.236,0.071,0.075,27.632,39.786,Straight,No
211,211,UF-UF-223810,Left,M3,0.056448,1,,UF-UF-223810-Left-M3-Selected-01,Erethizon,poyeri,22.1800783,0.111,0.029,0.032,0.036,0.038,0.224,0.058,0.067,26.99,48.385,Straight,No
212,212,UF-UF-223810,Right,M3,0.056448,0,,UF-UF-223810-Right-M3-Selected-00,Erethizon,poyeri,21.97244751,0.022,0.007,0.021,0.049,0.065,0.235,0.089,0.091,27.865,39.588,Straight,Yes
213,213,UF-UF-223810,Right,M3,0.056448,1,,UF-UF-223810-Right-M3-Selected-01,Erethizon,poyeri,22.36527713,0.104,0.03,0.03,0.037,0.044,0.228,0.066,0.075,24.304,53.252,Straight,No
